{"epoch": 0, "time_epoch": 69.5877, "eta": 34724.26201, "eta_hours": 9.64563, "loss": 1.04510215, "lr": 0.0, "params": 182569, "time_iter": 0.27183, "accuracy": 0.55328, "precision": 0.00099, "recall": 0.59948, "f1": 0.00198, "macro-f1": 0.35711, "micro-f1": 0.55328, "auc": 0.57698}
{"epoch": 1, "time_epoch": 69.82624, "eta": 34714.07063, "eta_hours": 9.6428, "loss": 0.39023651, "lr": 0.0002, "params": 182569, "time_iter": 0.27276, "accuracy": 0.98213, "precision": 0.00123, "recall": 0.02472, "f1": 0.00235, "macro-f1": 0.49667, "micro-f1": 0.98213, "auc": 0.43738}
{"epoch": 2, "time_epoch": 69.63619, "eta": 34632.63811, "eta_hours": 9.62018, "loss": 0.14870899, "lr": 0.0004, "params": 182569, "time_iter": 0.27202, "accuracy": 0.9986, "precision": 0.0, "recall": 0.0, "f1": 0.0, "macro-f1": 0.49965, "micro-f1": 0.9986, "auc": 0.54728}
{"epoch": 3, "time_epoch": 69.54848, "eta": 34546.22813, "eta_hours": 9.59617, "loss": 0.11851607, "lr": 0.0006, "params": 182569, "time_iter": 0.27167, "accuracy": 0.99784, "precision": 0.0, "recall": 0.0, "f1": 0.0, "macro-f1": 0.49946, "micro-f1": 0.99784, "auc": 0.70677}
{"epoch": 4, "time_epoch": 70.26775, "eta": 34537.76956, "eta_hours": 9.59382, "loss": 0.06795873, "lr": 0.0008, "params": 182569, "time_iter": 0.27448, "accuracy": 0.99861, "precision": 0.0, "recall": 0.0, "f1": 0.0, "macro-f1": 0.49965, "micro-f1": 0.99861, "auc": 0.7533}
{"epoch": 5, "time_epoch": 70.42551, "eta": 34521.69744, "eta_hours": 9.58936, "loss": 0.03781226, "lr": 0.001, "params": 182569, "time_iter": 0.2751, "accuracy": 0.99891, "precision": 0.0, "recall": 0.0, "f1": 0.0, "macro-f1": 0.49973, "micro-f1": 0.99891, "auc": 0.82228}
{"epoch": 6, "time_epoch": 84.665, "eta": 35492.96227, "eta_hours": 9.85916, "loss": 0.03904319, "lr": 0.00099999, "params": 182569, "time_iter": 0.33072, "accuracy": 0.99907, "precision": 0.0, "recall": 0.0, "f1": 0.0, "macro-f1": 0.49977, "micro-f1": 0.99907, "auc": 0.85989}
{"epoch": 7, "time_epoch": 69.76165, "eta": 35283.68889, "eta_hours": 9.80102, "loss": 0.03626613, "lr": 0.00099996, "params": 182569, "time_iter": 0.27251, "accuracy": 0.9992, "precision": 0.0, "recall": 0.0, "f1": 0.0, "macro-f1": 0.4998, "micro-f1": 0.9992, "auc": 0.87117}
{"epoch": 8, "time_epoch": 70.17749, "eta": 35128.10449, "eta_hours": 9.75781, "loss": 0.02651506, "lr": 0.00099991, "params": 182569, "time_iter": 0.27413, "accuracy": 0.99921, "precision": 0.07143, "recall": 0.00249, "f1": 0.00481, "macro-f1": 0.50221, "micro-f1": 0.99921, "auc": 0.91037}
{"epoch": 9, "time_epoch": 69.7679, "eta": 34969.53166, "eta_hours": 9.71376, "loss": 0.02582923, "lr": 0.00099984, "params": 182569, "time_iter": 0.27253, "accuracy": 0.99914, "precision": 0.25, "recall": 0.04057, "f1": 0.06982, "macro-f1": 0.53469, "micro-f1": 0.99914, "auc": 0.89771}
{"epoch": 10, "time_epoch": 69.08255, "eta": 3071.03357, "eta_hours": 0.85306, "loss": 0.01915806, "lr": 0.00099975, "params": 182569, "time_iter": 0.26985, "accuracy": 0.99919, "precision": 0.34959, "recall": 0.11111, "f1": 0.16863, "macro-f1": 0.58411, "micro-f1": 0.99919, "auc": 0.93442}
{"epoch": 11, "time_epoch": 70.06636, "eta": 5658.72252, "eta_hours": 1.57187, "loss": 0.0215665, "lr": 0.00099964, "params": 182569, "time_iter": 0.2737, "accuracy": 0.99905, "precision": 0.37963, "recall": 0.18427, "f1": 0.24811, "macro-f1": 0.62382, "micro-f1": 0.99905, "auc": 0.93317}
{"epoch": 12, "time_epoch": 70.77889, "eta": 7864.21865, "eta_hours": 2.18451, "loss": 0.0178144, "lr": 0.00099951, "params": 182569, "time_iter": 0.27648, "accuracy": 0.99914, "precision": 0.38976, "recall": 0.24937, "f1": 0.30415, "macro-f1": 0.65186, "micro-f1": 0.99914, "auc": 0.94345}
{"epoch": 13, "time_epoch": 70.43365, "eta": 9732.54772, "eta_hours": 2.70349, "loss": 0.01921998, "lr": 0.00099936, "params": 182569, "time_iter": 0.27513, "accuracy": 0.999, "precision": 0.30795, "recall": 0.22738, "f1": 0.2616, "macro-f1": 0.63055, "micro-f1": 0.999, "auc": 0.93496}
{"epoch": 14, "time_epoch": 70.90819, "eta": 11357.71873, "eta_hours": 3.15492, "loss": 0.01699889, "lr": 0.00099918, "params": 182569, "time_iter": 0.27699, "accuracy": 0.99913, "precision": 0.43333, "recall": 0.31325, "f1": 0.36364, "macro-f1": 0.6816, "micro-f1": 0.99913, "auc": 0.95467}
{"epoch": 15, "time_epoch": 70.69491, "eta": 12764.42813, "eta_hours": 3.54567, "loss": 0.01572783, "lr": 0.00099899, "params": 182569, "time_iter": 0.27615, "accuracy": 0.9991, "precision": 0.37267, "recall": 0.30612, "f1": 0.33613, "macro-f1": 0.66784, "micro-f1": 0.9991, "auc": 0.9579}
