{"epoch": 0, "time_epoch": 14.08214, "eta": 549.20329, "eta_hours": 0.15256, "loss": 1.04188447, "lr": 1e-08, "params": 63105, "time_iter": 0.22003, "accuracy": 0.0706, "precision": 0.00065, "recall": 0.90805, "f1": 0.0013, "macro-f1": 0.0661, "micro-f1": 0.0706, "auc": 0.50475}
{"epoch": 1, "time_epoch": 13.13932, "eta": 517.2076, "eta_hours": 0.14367, "loss": 0.612599, "lr": 0.001, "params": 63105, "time_iter": 0.2053, "accuracy": 0.63416, "precision": 0.00086, "recall": 0.36283, "f1": 0.00171, "macro-f1": 0.38888, "micro-f1": 0.63416, "auc": 0.50589}
{"epoch": 2, "time_epoch": 13.24692, "eta": 499.10992, "eta_hours": 0.13864, "loss": 0.14682144, "lr": 0.002, "params": 63105, "time_iter": 0.20698, "accuracy": 0.99899, "precision": 0.0, "recall": 0.0, "f1": 0.0, "macro-f1": 0.49975, "micro-f1": 0.99899, "auc": 0.54884}
{"epoch": 3, "time_epoch": 13.29698, "eta": 483.88817, "eta_hours": 0.13441, "loss": 0.03340524, "lr": 0.003, "params": 63105, "time_iter": 0.20777, "accuracy": 0.99924, "precision": 0.0, "recall": 0.0, "f1": 0.0, "macro-f1": 0.49981, "micro-f1": 0.99924, "auc": 0.70185}
{"epoch": 4, "time_epoch": 13.33918, "eta": 469.73172, "eta_hours": 0.13048, "loss": 0.02551126, "lr": 0.004, "params": 63105, "time_iter": 0.20842, "accuracy": 0.99921, "precision": 0.0, "recall": 0.0, "f1": 0.0, "macro-f1": 0.4998, "micro-f1": 0.99921, "auc": 0.82005}
{"epoch": 5, "time_epoch": 13.24823, "eta": 455.3323, "eta_hours": 0.12648, "loss": 0.02693258, "lr": 0.005, "params": 63105, "time_iter": 0.207, "accuracy": 0.99929, "precision": 0.0, "recall": 0.0, "f1": 0.0, "macro-f1": 0.49982, "micro-f1": 0.99929, "auc": 0.78349}
{"epoch": 6, "time_epoch": 13.2815, "eta": 441.41865, "eta_hours": 0.12262, "loss": 0.02493763, "lr": 0.00498994, "params": 63105, "time_iter": 0.20752, "accuracy": 0.99917, "precision": 0.0, "recall": 0.0, "f1": 0.0, "macro-f1": 0.49979, "micro-f1": 0.99917, "auc": 0.86538}
{"epoch": 7, "time_epoch": 13.3156, "eta": 427.79943, "eta_hours": 0.11883, "loss": 0.02151891, "lr": 0.00495982, "params": 63105, "time_iter": 0.20806, "accuracy": 0.9993, "precision": 0.0, "recall": 0.0, "f1": 0.0, "macro-f1": 0.49982, "micro-f1": 0.9993, "auc": 0.88056}
{"epoch": 8, "time_epoch": 13.26129, "eta": 414.06061, "eta_hours": 0.11502, "loss": 0.0217488, "lr": 0.00490991, "params": 63105, "time_iter": 0.20721, "accuracy": 0.99921, "precision": 0.0, "recall": 0.0, "f1": 0.0, "macro-f1": 0.4998, "micro-f1": 0.99921, "auc": 0.90583}
{"epoch": 9, "time_epoch": 13.49766, "eta": 401.12642, "eta_hours": 0.11142, "loss": 0.02253757, "lr": 0.00484059, "params": 63105, "time_iter": 0.2109, "accuracy": 0.99918, "precision": 0.0, "recall": 0.0, "f1": 0.0, "macro-f1": 0.49979, "micro-f1": 0.99918, "auc": 0.90834}
{"epoch": 10, "time_epoch": 13.44373, "eta": 387.94761, "eta_hours": 0.10776, "loss": 0.02134598, "lr": 0.00475242, "params": 63105, "time_iter": 0.21006, "accuracy": 0.99927, "precision": 0.0, "recall": 0.0, "f1": 0.0, "macro-f1": 0.49982, "micro-f1": 0.99927, "auc": 0.89952}
{"epoch": 11, "time_epoch": 14.26333, "eta": 376.63703, "eta_hours": 0.10462, "loss": 0.02355404, "lr": 0.00464612, "params": 63105, "time_iter": 0.22286, "accuracy": 0.99914, "precision": 0.0, "recall": 0.0, "f1": 0.0, "macro-f1": 0.49978, "micro-f1": 0.99914, "auc": 0.90926}
{"epoch": 12, "time_epoch": 13.39745, "eta": 363.07382, "eta_hours": 0.10085, "loss": 0.01852062, "lr": 0.00452254, "params": 63105, "time_iter": 0.20934, "accuracy": 0.99928, "precision": 0.0, "recall": 0.0, "f1": 0.0, "macro-f1": 0.49982, "micro-f1": 0.99928, "auc": 0.94568}
{"epoch": 13, "time_epoch": 13.4131, "eta": 349.56336, "eta_hours": 0.0971, "loss": 0.02178651, "lr": 0.00438268, "params": 63105, "time_iter": 0.20958, "accuracy": 0.99918, "precision": 0.0, "recall": 0.0, "f1": 0.0, "macro-f1": 0.49979, "micro-f1": 0.99918, "auc": 0.92219}
{"epoch": 14, "time_epoch": 13.66054, "eta": 336.47827, "eta_hours": 0.09347, "loss": 0.021542, "lr": 0.00422766, "params": 63105, "time_iter": 0.21345, "accuracy": 0.99914, "precision": 0.0, "recall": 0.0, "f1": 0.0, "macro-f1": 0.49978, "micro-f1": 0.99914, "auc": 0.93837}
{"epoch": 15, "time_epoch": 14.48208, "eta": 324.55356, "eta_hours": 0.09015, "loss": 0.01986847, "lr": 0.00405872, "params": 63105, "time_iter": 0.22628, "accuracy": 0.99922, "precision": 0.0, "recall": 0.0, "f1": 0.0, "macro-f1": 0.49981, "micro-f1": 0.99922, "auc": 0.93263}
{"epoch": 16, "time_epoch": 13.5527, "eta": 311.07058, "eta_hours": 0.08641, "loss": 0.01968387, "lr": 0.00387724, "params": 63105, "time_iter": 0.21176, "accuracy": 0.99924, "precision": 1.0, "recall": 0.01, "f1": 0.0198, "macro-f1": 0.50971, "micro-f1": 0.99924, "auc": 0.93663}
{"epoch": 17, "time_epoch": 13.63107, "eta": 297.67565, "eta_hours": 0.08269, "loss": 0.01927594, "lr": 0.00368467, "params": 63105, "time_iter": 0.21299, "accuracy": 0.99928, "precision": 0.0, "recall": 0.0, "f1": 0.0, "macro-f1": 0.49982, "micro-f1": 0.99928, "auc": 0.92908}
{"epoch": 18, "time_epoch": 13.67242, "eta": 284.30157, "eta_hours": 0.07897, "loss": 0.02028458, "lr": 0.00348256, "params": 63105, "time_iter": 0.21363, "accuracy": 0.99915, "precision": 0.0, "recall": 0.0, "f1": 0.0, "macro-f1": 0.49979, "micro-f1": 0.99915, "auc": 0.94612}
{"epoch": 19, "time_epoch": 13.54643, "eta": 270.77166, "eta_hours": 0.07521, "loss": 0.02091197, "lr": 0.00327254, "params": 63105, "time_iter": 0.21166, "accuracy": 0.99918, "precision": 0.33333, "recall": 0.00943, "f1": 0.01835, "macro-f1": 0.50897, "micro-f1": 0.99918, "auc": 0.94269}
{"epoch": 20, "time_epoch": 13.5646, "eta": 257.25661, "eta_hours": 0.07146, "loss": 0.019726, "lr": 0.0030563, "params": 63105, "time_iter": 0.21195, "accuracy": 0.99921, "precision": 0.0, "recall": 0.0, "f1": 0.0, "macro-f1": 0.4998, "micro-f1": 0.99921, "auc": 0.9381}
{"epoch": 21, "time_epoch": 13.5392, "eta": 243.71628, "eta_hours": 0.0677, "loss": 0.02030601, "lr": 0.00283558, "params": 63105, "time_iter": 0.21155, "accuracy": 0.99921, "precision": 1.0, "recall": 0.00962, "f1": 0.01905, "macro-f1": 0.50933, "micro-f1": 0.99921, "auc": 0.94096}
{"epoch": 22, "time_epoch": 13.71562, "eta": 230.30644, "eta_hours": 0.06397, "loss": 0.02107746, "lr": 0.00261216, "params": 63105, "time_iter": 0.21431, "accuracy": 0.99914, "precision": 0.0, "recall": 0.0, "f1": 0.0, "macro-f1": 0.49979, "micro-f1": 0.99914, "auc": 0.94245}
{"epoch": 23, "time_epoch": 13.63622, "eta": 216.81819, "eta_hours": 0.06023, "loss": 0.01736339, "lr": 0.00238784, "params": 63105, "time_iter": 0.21307, "accuracy": 0.99933, "precision": 1.0, "recall": 0.02222, "f1": 0.04348, "macro-f1": 0.52157, "micro-f1": 0.99933, "auc": 0.95113}
{"epoch": 24, "time_epoch": 14.914, "eta": 204.08477, "eta_hours": 0.05669, "loss": 0.01831578, "lr": 0.00216442, "params": 63105, "time_iter": 0.23303, "accuracy": 0.99931, "precision": 0.5, "recall": 0.01111, "f1": 0.02174, "macro-f1": 0.5107, "micro-f1": 0.99931, "auc": 0.92426}
{"epoch": 25, "time_epoch": 14.34745, "eta": 190.87855, "eta_hours": 0.05302, "loss": 0.01632553, "lr": 0.0019437, "params": 63105, "time_iter": 0.22418, "accuracy": 0.99934, "precision": 1.0, "recall": 0.03333, "f1": 0.06452, "macro-f1": 0.53209, "micro-f1": 0.99934, "auc": 0.9512}
{"epoch": 26, "time_epoch": 14.50397, "eta": 177.66316, "eta_hours": 0.04935, "loss": 0.01627559, "lr": 0.00172746, "params": 63105, "time_iter": 0.22662, "accuracy": 0.99925, "precision": 0.33333, "recall": 0.03158, "f1": 0.05769, "macro-f1": 0.52866, "micro-f1": 0.99925, "auc": 0.95966}
{"epoch": 27, "time_epoch": 14.14768, "eta": 164.20302, "eta_hours": 0.04561, "loss": 0.01804234, "lr": 0.00151744, "params": 63105, "time_iter": 0.22106, "accuracy": 0.99923, "precision": 0.14286, "recall": 0.01042, "f1": 0.01942, "macro-f1": 0.50952, "micro-f1": 0.99923, "auc": 0.94287}
{"epoch": 28, "time_epoch": 13.54351, "eta": 150.4663, "eta_hours": 0.0418, "loss": 0.01857564, "lr": 0.00131533, "params": 63105, "time_iter": 0.21162, "accuracy": 0.99918, "precision": 0.2,